date,0:00,1:00,2:00,3:00,4:00,5:00,6:00,7:00,8:00,9:00,10:00,11:00,12:00,13:00,14:00,15:00,16:00,17:00,18:00,19:00,20:00,21:00,22:00,23:00,relative_humidity_2m,cloud_cover,wind_speed_10m,wind_direction_10m,pressure_msl,precipitation
2025-01-01,0.7,0.7,0.8,2.1,2.0,1.9,2.0,2.2,2.2,2.2,2.8,3.7,4.6,5.3,5.5,6.3,6.0,5.5,5.6,5.3,5.1,5.3,5.8,6.4,63.541666666666664,87.29166666666667,20.479166666666668,236.45833333333334,1014.7791666666667,0.0
2025-01-02,6.7,6.8,6.7,8.1,8.6,8.9,9.2,8.5,8.2,8.2,7.8,6.8,5.6,5.4,4.9,5.6,4.5,3.3,2.6,2.0,1.0,0.3,-0.5,-1.2,57.708333333333336,80.83333333333333,21.629166666666666,252.79166666666666,1004.6666666666666,2.4
2025-01-03,-1.6,-1.8,-2.0,-2.0,-2.1,-2.0,-1.7,-0.1,0.6,0.6,0.5,1.0,1.2,1.4,1.7,0.3,0.6,-0.2,-0.1,-0.5,-0.5,-0.3,-0.3,-0.7,85.625,69.58333333333333,15.558333333333332,247.79166666666666,1007.1625,5.2
2025-01-04,-1.1,-2.4,-2.9,-2.1,-1.8,-1.3,-1.9,-2.0,-1.9,-2.2,-2.1,-1.7,-1.3,-1.0,-0.8,-2.3,-3.2,-4.2,-4.6,-5.1,-5.2,-5.3,-5.4,-5.4,72.66666666666667,51.375,16.0,263.7083333333333,1014.4916666666667,0.30000000000000004
2025-01-05,-5.0,-4.1,-3.2,-4.1,-3.5,-3.2,-3.3,-3.5,-4.2,-5.5,-5.7,-5.1,-3.9,-3.2,-3.0,-3.3,-4.3,-4.2,-4.0,-4.0,-3.9,-3.7,-3.3,-3.0,81.79166666666667,95.95833333333333,8.7125,167.45833333333334,1013.8583333333332,0.0
2025-01-06,-2.8,-2.3,-2.0,-2.4,-1.9,-1.5,-1.1,-0.5,0.1,0.7,1.3,2.1,2.9,3.9,4.5,4.2,3.9,3.7,3.5,4.0,4.3,4.3,3.9,4.1,90.625,99.41666666666667,14.033333333333333,168.375,1000.4625,4.7
2025-01-07,4.2,3.4,2.7,3.6,2.6,2.1,2.0,2.0,2.4,2.0,2.6,2.8,3.0,3.6,3.8,5.0,4.6,3.9,3.8,3.7,3.6,3.7,3.5,3.3,94.70833333333333,99.625,11.095833333333333,198.29166666666666,1002.6750000000001,4.5
2025-01-08,3.2,2.6,2.3,2.2,1.8,1.2,1.0,1.0,0.9,0.8,1.6,2.1,2.5,2.3,1.6,2.5,2.3,1.3,0.6,0.0,-0.1,-0.2,-0.3,-0.4,87.75,36.166666666666664,14.970833333333333,226.83333333333334,1004.9666666666667,2.3
2025-01-09,-0.6,-0.9,-1.2,-1.6,-1.9,-2.0,-1.2,-0.7,0.3,0.7,1.4,2.1,2.7,4.0,4.7,6.0,5.4,5.1,4.1,3.8,3.8,3.8,3.6,4.1,95.25,68.5,13.329166666666666,170.5,1003.8833333333333,3.0
2025-01-10,3.9,4.7,5.6,6.3,6.9,2.9,1.8,1.8,1.6,1.6,1.8,1.5,1.9,2.3,2.7,2.1,2.0,1.7,1.4,1.3,1.2,1.1,0.7,0.2,85.625,93.83333333333333,19.520833333333332,242.83333333333334,1003.3416666666667,3.3
2025-01-11,0.2,0.3,0.2,-0.1,-0.3,-0.4,-0.4,-0.4,-0.4,-0.5,-0.4,-0.4,-0.4,-0.5,-0.4,-0.1,-0.3,-0.3,-0.3,-0.5,-0.5,-0.7,-0.3,0.4,88.25,99.875,18.720833333333335,241.83333333333334,1005.8333333333334,6.7
2025-01-12,0.3,0.3,-0.1,0.3,-0.2,-0.6,-0.9,-1.3,-1.6,-1.5,-0.3,0.4,0.8,0.8,0.8,0.8,0.7,0.5,0.3,0.1,-0.3,-0.5,-0.6,-0.7,91.79166666666667,99.625,14.570833333333333,323.1666666666667,1017.5500000000001,3.7
2025-01-13,-0.9,-1.1,-1.1,-0.9,-0.8,-0.9,-2.1,-1.7,-1.2,-1.0,-1.1,-1.5,-1.7,-1.5,-1.3,-1.4,-1.9,-3.5,-4.3,-4.3,-3.0,-2.4,-2.4,-1.9,88.08333333333333,88.45833333333333,9.733333333333333,309.25,1037.5666666666666,0.0
2025-01-14,-2.6,-2.4,-2.3,-1.7,-1.8,-2.0,-2.2,-2.4,-2.2,-2.8,-2.4,-1.9,-1.4,-1.0,-0.8,0.3,0.2,0.3,0.4,0.4,0.4,0.6,0.3,0.1,85.91666666666667,99.83333333333333,16.808333333333334,250.08333333333334,1030.3208333333334,4.2
2025-01-15,0.1,0.1,0.3,0.2,0.3,0.4,0.6,0.7,0.9,0.9,1.1,1.4,1.6,2.1,2.2,2.0,1.9,1.6,1.5,1.4,1.4,1.3,1.2,1.1,97.08333333333333,100.0,9.908333333333333,309.75,1024.5666666666666,2.9
2025-01-16,1.0,0.8,0.8,0.9,0.9,0.9,0.9,1.0,1.1,1.1,1.3,1.6,2.0,2.1,1.7,1.9,1.6,1.4,1.4,1.4,1.4,1.3,1.5,1.4,96.70833333333333,100.0,10.433333333333334,268.125,1034.9875,0.0
2025-01-17,1.5,1.5,1.5,1.9,1.8,1.8,1.7,1.8,1.8,1.8,1.7,1.9,2.1,2.3,2.5,3.0,3.0,2.6,2.3,2.0,2.0,2.1,2.0,1.8,95.95833333333333,100.0,13.491666666666667,275.4583333333333,1035.3916666666667,0.0
2025-01-18,1.7,0.8,0.6,0.9,1.3,1.0,0.8,0.6,0.5,0.1,0.7,1.6,2.4,2.8,3.5,3.6,3.1,2.6,2.3,2.1,1.7,1.7,1.7,1.7,88.66666666666667,73.08333333333333,11.141666666666666,282.875,1032.4333333333334,0.0
2025-01-19,1.7,1.6,1.6,1.1,1.0,1.0,1.0,0.8,0.9,0.9,1.2,1.7,2.0,2.4,2.8,1.4,1.1,0.8,0.6,0.5,0.2,-0.1,-0.5,-0.7,93.54166666666667,87.16666666666667,4.733333333333333,228.04166666666666,1029.7458333333334,0.0
2025-01-20,-0.9,-1.1,-1.2,-1.4,-1.5,-1.6,-1.7,-1.7,-1.7,-1.5,-0.5,1.0,2.4,3.6,4.4,4.2,3.2,1.6,1.5,1.2,0.7,0.0,-0.6,-1.0,89.33333333333333,17.791666666666668,6.2,152.33333333333334,1024.6625000000001,0.0
2025-01-21,-0.9,-0.4,-0.1,1.3,1.3,1.3,1.2,1.0,0.5,0.2,0.8,1.6,2.2,2.9,3.3,2.7,2.2,1.3,0.9,1.0,0.8,0.7,0.4,0.3,88.08333333333333,99.875,6.229166666666667,215.125,1019.3041666666667,0.0
2025-01-22,-0.1,-0.3,-0.5,0.3,0.0,-0.2,-0.4,-0.8,-1.2,-1.1,-1.0,-0.7,-0.1,0.5,0.8,1.1,1.0,1.0,1.0,0.8,0.8,0.9,0.7,0.3,96.16666666666667,98.33333333333333,4.045833333333333,226.33333333333334,1016.5958333333333,0.0
2025-01-23,-0.2,0.3,0.4,-0.3,-0.3,-0.4,-0.6,-0.8,-0.9,-0.8,-0.3,0.0,0.3,0.9,1.4,2.1,2.3,2.2,1.5,2.1,2.4,2.7,2.6,2.4,93.95833333333333,100.0,12.145833333333334,167.58333333333334,1010.6958333333333,0.1
2025-01-24,2.2,2.1,2.2,3.3,3.3,3.3,3.0,3.0,2.7,1.5,1.9,2.9,3.6,4.7,5.3,5.9,5.5,4.2,3.4,2.6,2.1,1.6,1.2,1.2,88.08333333333333,72.41666666666667,9.924999999999999,207.5,1014.5666666666666,0.2
2025-01-25,1.3,1.2,1.8,3.0,3.4,3.7,3.7,3.9,4.0,4.2,4.6,5.8,7.0,8.2,8.6,8.7,8.7,8.0,7.6,7.6,7.7,7.4,6.9,6.6,78.625,99.29166666666667,12.829166666666666,182.04166666666666,1013.1374999999999,0.4
2025-01-26,5.5,5.0,4.8,5.9,5.2,5.0,4.6,4.2,4.0,4.0,4.1,4.4,5.2,5.8,6.4,6.1,6.7,7.0,7.2,7.0,7.0,7.4,7.2,6.8,84.29166666666667,99.25,10.929166666666667,184.625,1010.4833333333332,0.5
2025-01-27,6.2,5.4,4.7,5.1,4.2,3.5,3.0,2.5,2.1,2.0,3.1,4.5,6.1,7.7,9.0,10.3,10.0,9.2,8.3,7.7,7.1,6.6,6.3,5.9,88.41666666666667,64.375,11.3125,174.70833333333334,1007.6458333333334,0.0
2025-01-28,5.4,5.2,5.6,6.6,6.5,6.2,5.4,4.3,3.8,3.7,4.4,5.4,6.6,8.3,9.4,9.9,9.9,9.0,8.8,8.7,9.1,9.4,9.7,9.7,82.16666666666667,89.83333333333333,11.154166666666667,153.875,1003.2041666666668,0.0
2025-01-29,9.5,8.9,9.4,9.4,9.6,9.5,8.3,7.9,7.3,6.8,7.2,8.0,8.3,8.2,8.4,10.3,10.2,9.2,8.4,8.4,8.0,7.9,7.0,6.5,78.70833333333333,65.66666666666667,13.408333333333333,211.45833333333334,1005.8541666666666,0.5
2025-01-30,6.1,5.9,5.5,6.3,5.6,5.0,4.5,4.1,3.8,3.7,4.6,5.9,7.3,8.6,9.3,9.8,9.6,8.5,8.0,7.5,7.0,6.6,6.1,5.8,80.58333333333333,38.208333333333336,10.391666666666667,186.79166666666666,1017.6625,0.0
2025-01-31,5.5,5.4,5.3,5.1,4.7,4.3,3.9,3.5,3.1,3.1,4.4,5.7,6.2,6.5,6.0,4.7,3.8,3.6,2.9,2.5,2.3,2.0,1.6,1.2,84.375,52.833333333333336,13.424999999999999,231.20833333333334,1020.0749999999999,1.1
